{
  "Total" : {
    "transaction" : "Total",
    "sampleCount" : 1000,
    "errorCount" : 0,
    "errorPct" : 0.0,
    "meanResTime" : 4.989000000000006,
    "medianResTime" : 4.0,
    "minResTime" : 2.0,
    "maxResTime" : 422.0,
    "pct1ResTime" : 5.0,
    "pct2ResTime" : 7.0,
    "pct3ResTime" : 11.0,
    "throughput" : 3.339388758281684,
    "receivedKBytesPerSec" : 73.4143747328489,
    "sentKBytesPerSec" : 0.378290132774097
  },
  "Home Page Request" : {
    "transaction" : "Home Page Request",
    "sampleCount" : 1000,
    "errorCount" : 0,
    "errorPct" : 0.0,
    "meanResTime" : 4.989000000000006,
    "medianResTime" : 4.0,
    "minResTime" : 2.0,
    "maxResTime" : 422.0,
    "pct1ResTime" : 5.0,
    "pct2ResTime" : 7.0,
    "pct3ResTime" : 11.0,
    "throughput" : 3.339388758281684,
    "receivedKBytesPerSec" : 73.4143747328489,
    "sentKBytesPerSec" : 0.378290132774097
  }
}